<?xml version="1.0" encoding="UTF-8"?>

<sms>
    <smsconfiguration id="USER"><data>maybrightventures</data></smsconfiguration>
	<smsconfiguration id="PASSWORD"><data>mvpl@2017</data></smsconfiguration>
	<smsconfiguration id="SID"><data>MPOKKT</data></smsconfiguration>
    <smstemplate category="WELCOME"><smsdata><!--<![CDATA[-->Welcome to bda.com<!--]]>--></smsdata></smstemplate>
    <smstemplate category="TESTMSG"><smsdata><!--<![CDATA[-->Hello test message %ignore%<!--]]>--></smsdata></smstemplate>
      <smstemplate category="URLPARAM"><smsdata><!--<![CDATA[-->login.smsgatewayhub.com/smsapi/pushsms.aspx?user=%user% :pwd=%pwd% :to=%mobile% :sid=%sid% :msg=#msg# :fl=0 :gwid=2<!--]]>--></smsdata></smstemplate>
    <smstemplate category="MOBVER"><smsdata><!--<![CDATA[-->Your bda verification code is %code%<!--]]>--></smsdata></smstemplate>
    <smstemplate category="BORACCPTRQ"><smsdata><!--<![CDATA[-->Your cash request has been approved.To get the money follow the path wallet -> withdraw. The amount will get credited to your bank account within one working day.Team bda<!--]]>--></smsdata></smstemplate>
    <smstemplate category="UPCOMPAYM"><smsdata><!--<![CDATA[-->Your repayment of Rs.%amount% is due on %date%. Please ensure you pay on time to be eligible to get more cash in the future. For assistance you may contact 9836380805 or 9831189987. - Team bda<!--]]>--></smsdata></smstemplate>
    <smstemplate category="PAYTMBULK"><smsdata><!--<![CDATA[-->bda now also gives money in your Paytm wallet. Repay using your Paytm wallet or debit card. Loan upto Rs.2000 now available. http://bit.ly/bdanew<!--]]>--></smsdata></smstemplate>
</sms>
